filename,filepath,condition,voltage,noise,run,true_label,mse
blocked_12V_noise_run01.wav,C:\Users\14259\Desktop\hvac_fan_dataset\raw_audio\blocked\12V\noise\blocked_12V_noise_run01.wav,blocked,12V,noise,1,1,69.53865814208984
blocked_12V_noise_run02.wav,C:\Users\14259\Desktop\hvac_fan_dataset\raw_audio\blocked\12V\noise\blocked_12V_noise_run02.wav,blocked,12V,noise,2,1,67.71390533447266
blocked_12V_noise_run03.wav,C:\Users\14259\Desktop\hvac_fan_dataset\raw_audio\blocked\12V\noise\blocked_12V_noise_run03.wav,blocked,12V,noise,3,1,64.89066314697266
blocked_12V_noise_run04.wav,C:\Users\14259\Desktop\hvac_fan_dataset\raw_audio\blocked\12V\noise\blocked_12V_noise_run04.wav,blocked,12V,noise,4,1,65.10604858398438
blocked_12V_noise_run05.wav,C:\Users\14259\Desktop\hvac_fan_dataset\raw_audio\blocked\12V\noise\blocked_12V_noise_run05.wav,blocked,12V,noise,5,1,65.15626525878906
blocked_12V_noise_run06.wav,C:\Users\14259\Desktop\hvac_fan_dataset\raw_audio\blocked\12V\noise\blocked_12V_noise_run06.wav,blocked,12V,noise,6,1,65.34380340576172
blocked_12V_noise_run07.wav,C:\Users\14259\Desktop\hvac_fan_dataset\raw_audio\blocked\12V\noise\blocked_12V_noise_run07.wav,blocked,12V,noise,7,1,63.04603958129883
blocked_12V_noise_run08.wav,C:\Users\14259\Desktop\hvac_fan_dataset\raw_audio\blocked\12V\noise\blocked_12V_noise_run08.wav,blocked,12V,noise,8,1,66.91202545166016
blocked_12V_noise_run09.wav,C:\Users\14259\Desktop\hvac_fan_dataset\raw_audio\blocked\12V\noise\blocked_12V_noise_run09.wav,blocked,12V,noise,9,1,63.496612548828125
blocked_12V_noise_run10.wav,C:\Users\14259\Desktop\hvac_fan_dataset\raw_audio\blocked\12V\noise\blocked_12V_noise_run10.wav,blocked,12V,noise,10,1,66.64120483398438
blocked_12V_quiet_run01.wav,C:\Users\14259\Desktop\hvac_fan_dataset\raw_audio\blocked\12V\quiet\blocked_12V_quiet_run01.wav,blocked,12V,quiet,1,1,84.42418670654297
blocked_12V_quiet_run02.wav,C:\Users\14259\Desktop\hvac_fan_dataset\raw_audio\blocked\12V\quiet\blocked_12V_quiet_run02.wav,blocked,12V,quiet,2,1,86.74388885498047
blocked_12V_quiet_run03.wav,C:\Users\14259\Desktop\hvac_fan_dataset\raw_audio\blocked\12V\quiet\blocked_12V_quiet_run03.wav,blocked,12V,quiet,3,1,86.08432006835938
blocked_12V_quiet_run04.wav,C:\Users\14259\Desktop\hvac_fan_dataset\raw_audio\blocked\12V\quiet\blocked_12V_quiet_run04.wav,blocked,12V,quiet,4,1,86.29472351074219
blocked_12V_quiet_run05.wav,C:\Users\14259\Desktop\hvac_fan_dataset\raw_audio\blocked\12V\quiet\blocked_12V_quiet_run05.wav,blocked,12V,quiet,5,1,85.36517333984375
blocked_12V_quiet_run06.wav,C:\Users\14259\Desktop\hvac_fan_dataset\raw_audio\blocked\12V\quiet\blocked_12V_quiet_run06.wav,blocked,12V,quiet,6,1,86.1690444946289
blocked_12V_quiet_run07.wav,C:\Users\14259\Desktop\hvac_fan_dataset\raw_audio\blocked\12V\quiet\blocked_12V_quiet_run07.wav,blocked,12V,quiet,7,1,85.92652130126953
blocked_12V_quiet_run08.wav,C:\Users\14259\Desktop\hvac_fan_dataset\raw_audio\blocked\12V\quiet\blocked_12V_quiet_run08.wav,blocked,12V,quiet,8,1,85.53379821777344
blocked_12V_quiet_run09.wav,C:\Users\14259\Desktop\hvac_fan_dataset\raw_audio\blocked\12V\quiet\blocked_12V_quiet_run09.wav,blocked,12V,quiet,9,1,87.11355590820312
blocked_12V_quiet_run10.wav,C:\Users\14259\Desktop\hvac_fan_dataset\raw_audio\blocked\12V\quiet\blocked_12V_quiet_run10.wav,blocked,12V,quiet,10,1,87.84139251708984
blocked_4V_noise_run01.wav,C:\Users\14259\Desktop\hvac_fan_dataset\raw_audio\blocked\4V\noise\blocked_4V_noise_run01.wav,blocked,4V,noise,1,1,50.349586486816406
blocked_4V_noise_run02.wav,C:\Users\14259\Desktop\hvac_fan_dataset\raw_audio\blocked\4V\noise\blocked_4V_noise_run02.wav,blocked,4V,noise,2,1,50.65993118286133
blocked_4V_noise_run03.wav,C:\Users\14259\Desktop\hvac_fan_dataset\raw_audio\blocked\4V\noise\blocked_4V_noise_run03.wav,blocked,4V,noise,3,1,52.71813201904297
blocked_4V_noise_run04.wav,C:\Users\14259\Desktop\hvac_fan_dataset\raw_audio\blocked\4V\noise\blocked_4V_noise_run04.wav,blocked,4V,noise,4,1,50.46559143066406
blocked_4V_noise_run05.wav,C:\Users\14259\Desktop\hvac_fan_dataset\raw_audio\blocked\4V\noise\blocked_4V_noise_run05.wav,blocked,4V,noise,5,1,51.41790771484375
blocked_4V_noise_run06.wav,C:\Users\14259\Desktop\hvac_fan_dataset\raw_audio\blocked\4V\noise\blocked_4V_noise_run06.wav,blocked,4V,noise,6,1,49.08244323730469
blocked_4V_noise_run07.wav,C:\Users\14259\Desktop\hvac_fan_dataset\raw_audio\blocked\4V\noise\blocked_4V_noise_run07.wav,blocked,4V,noise,7,1,51.58626174926758
blocked_4V_noise_run08.wav,C:\Users\14259\Desktop\hvac_fan_dataset\raw_audio\blocked\4V\noise\blocked_4V_noise_run08.wav,blocked,4V,noise,8,1,50.71576690673828
blocked_4V_noise_run09.wav,C:\Users\14259\Desktop\hvac_fan_dataset\raw_audio\blocked\4V\noise\blocked_4V_noise_run09.wav,blocked,4V,noise,9,1,49.26927185058594
blocked_4V_noise_run10.wav,C:\Users\14259\Desktop\hvac_fan_dataset\raw_audio\blocked\4V\noise\blocked_4V_noise_run10.wav,blocked,4V,noise,10,1,50.116790771484375
blocked_4V_quiet_run01.wav,C:\Users\14259\Desktop\hvac_fan_dataset\raw_audio\blocked\4V\quiet\blocked_4V_quiet_run01.wav,blocked,4V,quiet,1,1,64.97657775878906
blocked_4V_quiet_run02.wav,C:\Users\14259\Desktop\hvac_fan_dataset\raw_audio\blocked\4V\quiet\blocked_4V_quiet_run02.wav,blocked,4V,quiet,2,1,65.11698150634766
blocked_4V_quiet_run03.wav,C:\Users\14259\Desktop\hvac_fan_dataset\raw_audio\blocked\4V\quiet\blocked_4V_quiet_run03.wav,blocked,4V,quiet,3,1,69.97815704345703
blocked_4V_quiet_run04.wav,C:\Users\14259\Desktop\hvac_fan_dataset\raw_audio\blocked\4V\quiet\blocked_4V_quiet_run04.wav,blocked,4V,quiet,4,1,69.06101989746094
blocked_4V_quiet_run05.wav,C:\Users\14259\Desktop\hvac_fan_dataset\raw_audio\blocked\4V\quiet\blocked_4V_quiet_run05.wav,blocked,4V,quiet,5,1,68.07244110107422
blocked_4V_quiet_run06.wav,C:\Users\14259\Desktop\hvac_fan_dataset\raw_audio\blocked\4V\quiet\blocked_4V_quiet_run06.wav,blocked,4V,quiet,6,1,65.796875
blocked_4V_quiet_run07.wav,C:\Users\14259\Desktop\hvac_fan_dataset\raw_audio\blocked\4V\quiet\blocked_4V_quiet_run07.wav,blocked,4V,quiet,7,1,68.62248229980469
blocked_4V_quiet_run08.wav,C:\Users\14259\Desktop\hvac_fan_dataset\raw_audio\blocked\4V\quiet\blocked_4V_quiet_run08.wav,blocked,4V,quiet,8,1,66.52996063232422
blocked_4V_quiet_run09.wav,C:\Users\14259\Desktop\hvac_fan_dataset\raw_audio\blocked\4V\quiet\blocked_4V_quiet_run09.wav,blocked,4V,quiet,9,1,67.55908966064453
blocked_4V_quiet_run10.wav,C:\Users\14259\Desktop\hvac_fan_dataset\raw_audio\blocked\4V\quiet\blocked_4V_quiet_run10.wav,blocked,4V,quiet,10,1,66.55127716064453
blocked_8V_noise_run01.wav,C:\Users\14259\Desktop\hvac_fan_dataset\raw_audio\blocked\8V\noise\blocked_8V_noise_run01.wav,blocked,8V,noise,1,1,59.119667053222656
blocked_8V_noise_run02.wav,C:\Users\14259\Desktop\hvac_fan_dataset\raw_audio\blocked\8V\noise\blocked_8V_noise_run02.wav,blocked,8V,noise,2,1,58.997467041015625
blocked_8V_noise_run03.wav,C:\Users\14259\Desktop\hvac_fan_dataset\raw_audio\blocked\8V\noise\blocked_8V_noise_run03.wav,blocked,8V,noise,3,1,58.94499588012695
blocked_8V_noise_run04.wav,C:\Users\14259\Desktop\hvac_fan_dataset\raw_audio\blocked\8V\noise\blocked_8V_noise_run04.wav,blocked,8V,noise,4,1,59.97026824951172
blocked_8V_noise_run05.wav,C:\Users\14259\Desktop\hvac_fan_dataset\raw_audio\blocked\8V\noise\blocked_8V_noise_run05.wav,blocked,8V,noise,5,1,58.93470764160156
blocked_8V_noise_run06.wav,C:\Users\14259\Desktop\hvac_fan_dataset\raw_audio\blocked\8V\noise\blocked_8V_noise_run06.wav,blocked,8V,noise,6,1,59.27278137207031
blocked_8V_noise_run07.wav,C:\Users\14259\Desktop\hvac_fan_dataset\raw_audio\blocked\8V\noise\blocked_8V_noise_run07.wav,blocked,8V,noise,7,1,60.01362228393555
blocked_8V_noise_run08.wav,C:\Users\14259\Desktop\hvac_fan_dataset\raw_audio\blocked\8V\noise\blocked_8V_noise_run08.wav,blocked,8V,noise,8,1,59.1136474609375
blocked_8V_noise_run09.wav,C:\Users\14259\Desktop\hvac_fan_dataset\raw_audio\blocked\8V\noise\blocked_8V_noise_run09.wav,blocked,8V,noise,9,1,58.19492721557617
blocked_8V_noise_run10.wav,C:\Users\14259\Desktop\hvac_fan_dataset\raw_audio\blocked\8V\noise\blocked_8V_noise_run10.wav,blocked,8V,noise,10,1,58.85268020629883
blocked_8V_quiet_run01.wav,C:\Users\14259\Desktop\hvac_fan_dataset\raw_audio\blocked\8V\quiet\blocked_8V_quiet_run01.wav,blocked,8V,quiet,1,1,72.1089859008789
blocked_8V_quiet_run02.wav,C:\Users\14259\Desktop\hvac_fan_dataset\raw_audio\blocked\8V\quiet\blocked_8V_quiet_run02.wav,blocked,8V,quiet,2,1,73.2292251586914
blocked_8V_quiet_run03.wav,C:\Users\14259\Desktop\hvac_fan_dataset\raw_audio\blocked\8V\quiet\blocked_8V_quiet_run03.wav,blocked,8V,quiet,3,1,73.47502899169922
blocked_8V_quiet_run04.wav,C:\Users\14259\Desktop\hvac_fan_dataset\raw_audio\blocked\8V\quiet\blocked_8V_quiet_run04.wav,blocked,8V,quiet,4,1,73.8186264038086
blocked_8V_quiet_run05.wav,C:\Users\14259\Desktop\hvac_fan_dataset\raw_audio\blocked\8V\quiet\blocked_8V_quiet_run05.wav,blocked,8V,quiet,5,1,73.90060424804688
blocked_8V_quiet_run06.wav,C:\Users\14259\Desktop\hvac_fan_dataset\raw_audio\blocked\8V\quiet\blocked_8V_quiet_run06.wav,blocked,8V,quiet,6,1,74.6951675415039
blocked_8V_quiet_run07.wav,C:\Users\14259\Desktop\hvac_fan_dataset\raw_audio\blocked\8V\quiet\blocked_8V_quiet_run07.wav,blocked,8V,quiet,7,1,75.30015563964844
blocked_8V_quiet_run08.wav,C:\Users\14259\Desktop\hvac_fan_dataset\raw_audio\blocked\8V\quiet\blocked_8V_quiet_run08.wav,blocked,8V,quiet,8,1,74.47457122802734
blocked_8V_quiet_run09.wav,C:\Users\14259\Desktop\hvac_fan_dataset\raw_audio\blocked\8V\quiet\blocked_8V_quiet_run09.wav,blocked,8V,quiet,9,1,74.6607666015625
blocked_8V_quiet_run10.wav,C:\Users\14259\Desktop\hvac_fan_dataset\raw_audio\blocked\8V\quiet\blocked_8V_quiet_run10.wav,blocked,8V,quiet,10,1,74.23946380615234
imbalance_12V_noise_run01.wav,C:\Users\14259\Desktop\hvac_fan_dataset\raw_audio\imbalance\12V\noise\imbalance_12V_noise_run01.wav,imbalance,12V,noise,1,1,87.20763397216797
imbalance_12V_noise_run02.wav,C:\Users\14259\Desktop\hvac_fan_dataset\raw_audio\imbalance\12V\noise\imbalance_12V_noise_run02.wav,imbalance,12V,noise,2,1,87.23365020751953
imbalance_12V_noise_run03.wav,C:\Users\14259\Desktop\hvac_fan_dataset\raw_audio\imbalance\12V\noise\imbalance_12V_noise_run03.wav,imbalance,12V,noise,3,1,84.12291717529297
imbalance_12V_noise_run04.wav,C:\Users\14259\Desktop\hvac_fan_dataset\raw_audio\imbalance\12V\noise\imbalance_12V_noise_run04.wav,imbalance,12V,noise,4,1,83.42745208740234
imbalance_12V_noise_run05.wav,C:\Users\14259\Desktop\hvac_fan_dataset\raw_audio\imbalance\12V\noise\imbalance_12V_noise_run05.wav,imbalance,12V,noise,5,1,80.7472915649414
imbalance_12V_noise_run06.wav,C:\Users\14259\Desktop\hvac_fan_dataset\raw_audio\imbalance\12V\noise\imbalance_12V_noise_run06.wav,imbalance,12V,noise,6,1,80.72518157958984
imbalance_12V_noise_run07.wav,C:\Users\14259\Desktop\hvac_fan_dataset\raw_audio\imbalance\12V\noise\imbalance_12V_noise_run07.wav,imbalance,12V,noise,7,1,82.72151947021484
imbalance_12V_noise_run08.wav,C:\Users\14259\Desktop\hvac_fan_dataset\raw_audio\imbalance\12V\noise\imbalance_12V_noise_run08.wav,imbalance,12V,noise,8,1,84.8615493774414
imbalance_12V_noise_run09.wav,C:\Users\14259\Desktop\hvac_fan_dataset\raw_audio\imbalance\12V\noise\imbalance_12V_noise_run09.wav,imbalance,12V,noise,9,1,78.84271240234375
imbalance_12V_noise_run10.wav,C:\Users\14259\Desktop\hvac_fan_dataset\raw_audio\imbalance\12V\noise\imbalance_12V_noise_run10.wav,imbalance,12V,noise,10,1,84.29895782470703
imbalance_12V_quiet_run01.wav,C:\Users\14259\Desktop\hvac_fan_dataset\raw_audio\imbalance\12V\quiet\imbalance_12V_quiet_run01.wav,imbalance,12V,quiet,1,1,88.58065032958984
imbalance_12V_quiet_run02.wav,C:\Users\14259\Desktop\hvac_fan_dataset\raw_audio\imbalance\12V\quiet\imbalance_12V_quiet_run02.wav,imbalance,12V,quiet,2,1,89.1766586303711
imbalance_12V_quiet_run03.wav,C:\Users\14259\Desktop\hvac_fan_dataset\raw_audio\imbalance\12V\quiet\imbalance_12V_quiet_run03.wav,imbalance,12V,quiet,3,1,90.10092163085938
imbalance_12V_quiet_run04.wav,C:\Users\14259\Desktop\hvac_fan_dataset\raw_audio\imbalance\12V\quiet\imbalance_12V_quiet_run04.wav,imbalance,12V,quiet,4,1,94.29063415527344
imbalance_12V_quiet_run05.wav,C:\Users\14259\Desktop\hvac_fan_dataset\raw_audio\imbalance\12V\quiet\imbalance_12V_quiet_run05.wav,imbalance,12V,quiet,5,1,100.0186538696289
imbalance_12V_quiet_run06.wav,C:\Users\14259\Desktop\hvac_fan_dataset\raw_audio\imbalance\12V\quiet\imbalance_12V_quiet_run06.wav,imbalance,12V,quiet,6,1,102.0277328491211
imbalance_12V_quiet_run07.wav,C:\Users\14259\Desktop\hvac_fan_dataset\raw_audio\imbalance\12V\quiet\imbalance_12V_quiet_run07.wav,imbalance,12V,quiet,7,1,100.71310424804688
imbalance_12V_quiet_run08.wav,C:\Users\14259\Desktop\hvac_fan_dataset\raw_audio\imbalance\12V\quiet\imbalance_12V_quiet_run08.wav,imbalance,12V,quiet,8,1,103.904052734375
imbalance_12V_quiet_run09.wav,C:\Users\14259\Desktop\hvac_fan_dataset\raw_audio\imbalance\12V\quiet\imbalance_12V_quiet_run09.wav,imbalance,12V,quiet,9,1,90.10302734375
imbalance_12V_quiet_run10.wav,C:\Users\14259\Desktop\hvac_fan_dataset\raw_audio\imbalance\12V\quiet\imbalance_12V_quiet_run10.wav,imbalance,12V,quiet,10,1,86.70417022705078
imbalance_4V_noise_run01.wav,C:\Users\14259\Desktop\hvac_fan_dataset\raw_audio\imbalance\4V\noise\imbalance_4V_noise_run01.wav,imbalance,4V,noise,1,1,43.76752853393555
imbalance_4V_noise_run02.wav,C:\Users\14259\Desktop\hvac_fan_dataset\raw_audio\imbalance\4V\noise\imbalance_4V_noise_run02.wav,imbalance,4V,noise,2,1,43.428775787353516
imbalance_4V_noise_run03.wav,C:\Users\14259\Desktop\hvac_fan_dataset\raw_audio\imbalance\4V\noise\imbalance_4V_noise_run03.wav,imbalance,4V,noise,3,1,42.55341720581055
imbalance_4V_noise_run04.wav,C:\Users\14259\Desktop\hvac_fan_dataset\raw_audio\imbalance\4V\noise\imbalance_4V_noise_run04.wav,imbalance,4V,noise,4,1,42.60560989379883
imbalance_4V_noise_run05.wav,C:\Users\14259\Desktop\hvac_fan_dataset\raw_audio\imbalance\4V\noise\imbalance_4V_noise_run05.wav,imbalance,4V,noise,5,1,39.62571716308594
imbalance_4V_noise_run06.wav,C:\Users\14259\Desktop\hvac_fan_dataset\raw_audio\imbalance\4V\noise\imbalance_4V_noise_run06.wav,imbalance,4V,noise,6,1,41.51604080200195
imbalance_4V_noise_run07.wav,C:\Users\14259\Desktop\hvac_fan_dataset\raw_audio\imbalance\4V\noise\imbalance_4V_noise_run07.wav,imbalance,4V,noise,7,1,39.63774490356445
imbalance_4V_noise_run08.wav,C:\Users\14259\Desktop\hvac_fan_dataset\raw_audio\imbalance\4V\noise\imbalance_4V_noise_run08.wav,imbalance,4V,noise,8,1,41.029048919677734
imbalance_4V_noise_run09.wav,C:\Users\14259\Desktop\hvac_fan_dataset\raw_audio\imbalance\4V\noise\imbalance_4V_noise_run09.wav,imbalance,4V,noise,9,1,40.30438232421875
imbalance_4V_noise_run10.wav,C:\Users\14259\Desktop\hvac_fan_dataset\raw_audio\imbalance\4V\noise\imbalance_4V_noise_run10.wav,imbalance,4V,noise,10,1,40.07059860229492
imbalance_4V_quiet_run01.wav,C:\Users\14259\Desktop\hvac_fan_dataset\raw_audio\imbalance\4V\quiet\imbalance_4V_quiet_run01.wav,imbalance,4V,quiet,1,1,81.89301300048828
imbalance_4V_quiet_run02.wav,C:\Users\14259\Desktop\hvac_fan_dataset\raw_audio\imbalance\4V\quiet\imbalance_4V_quiet_run02.wav,imbalance,4V,quiet,2,1,73.27960968017578
imbalance_4V_quiet_run03.wav,C:\Users\14259\Desktop\hvac_fan_dataset\raw_audio\imbalance\4V\quiet\imbalance_4V_quiet_run03.wav,imbalance,4V,quiet,3,1,74.1003646850586
imbalance_4V_quiet_run04.wav,C:\Users\14259\Desktop\hvac_fan_dataset\raw_audio\imbalance\4V\quiet\imbalance_4V_quiet_run04.wav,imbalance,4V,quiet,4,1,73.26660919189453
imbalance_4V_quiet_run05.wav,C:\Users\14259\Desktop\hvac_fan_dataset\raw_audio\imbalance\4V\quiet\imbalance_4V_quiet_run05.wav,imbalance,4V,quiet,5,1,74.65573120117188
imbalance_4V_quiet_run06.wav,C:\Users\14259\Desktop\hvac_fan_dataset\raw_audio\imbalance\4V\quiet\imbalance_4V_quiet_run06.wav,imbalance,4V,quiet,6,1,76.34629821777344
imbalance_4V_quiet_run07.wav,C:\Users\14259\Desktop\hvac_fan_dataset\raw_audio\imbalance\4V\quiet\imbalance_4V_quiet_run07.wav,imbalance,4V,quiet,7,1,74.9094467163086
imbalance_4V_quiet_run08.wav,C:\Users\14259\Desktop\hvac_fan_dataset\raw_audio\imbalance\4V\quiet\imbalance_4V_quiet_run08.wav,imbalance,4V,quiet,8,1,83.4500732421875
imbalance_4V_quiet_run09.wav,C:\Users\14259\Desktop\hvac_fan_dataset\raw_audio\imbalance\4V\quiet\imbalance_4V_quiet_run09.wav,imbalance,4V,quiet,9,1,70.71549224853516
imbalance_4V_quiet_run10.wav,C:\Users\14259\Desktop\hvac_fan_dataset\raw_audio\imbalance\4V\quiet\imbalance_4V_quiet_run10.wav,imbalance,4V,quiet,10,1,72.65412902832031
imbalance_8V_noise_run01.wav,C:\Users\14259\Desktop\hvac_fan_dataset\raw_audio\imbalance\8V\noise\imbalance_8V_noise_run01.wav,imbalance,8V,noise,1,1,67.41040802001953
imbalance_8V_noise_run02.wav,C:\Users\14259\Desktop\hvac_fan_dataset\raw_audio\imbalance\8V\noise\imbalance_8V_noise_run02.wav,imbalance,8V,noise,2,1,66.2198257446289
imbalance_8V_noise_run03.wav,C:\Users\14259\Desktop\hvac_fan_dataset\raw_audio\imbalance\8V\noise\imbalance_8V_noise_run03.wav,imbalance,8V,noise,3,1,71.20571899414062
imbalance_8V_noise_run04.wav,C:\Users\14259\Desktop\hvac_fan_dataset\raw_audio\imbalance\8V\noise\imbalance_8V_noise_run04.wav,imbalance,8V,noise,4,1,60.36895751953125
imbalance_8V_noise_run05.wav,C:\Users\14259\Desktop\hvac_fan_dataset\raw_audio\imbalance\8V\noise\imbalance_8V_noise_run05.wav,imbalance,8V,noise,5,1,62.55638122558594
imbalance_8V_noise_run06.wav,C:\Users\14259\Desktop\hvac_fan_dataset\raw_audio\imbalance\8V\noise\imbalance_8V_noise_run06.wav,imbalance,8V,noise,6,1,62.58174133300781
imbalance_8V_noise_run07.wav,C:\Users\14259\Desktop\hvac_fan_dataset\raw_audio\imbalance\8V\noise\imbalance_8V_noise_run07.wav,imbalance,8V,noise,7,1,62.167274475097656
imbalance_8V_noise_run08.wav,C:\Users\14259\Desktop\hvac_fan_dataset\raw_audio\imbalance\8V\noise\imbalance_8V_noise_run08.wav,imbalance,8V,noise,8,1,60.65513229370117
imbalance_8V_noise_run09.wav,C:\Users\14259\Desktop\hvac_fan_dataset\raw_audio\imbalance\8V\noise\imbalance_8V_noise_run09.wav,imbalance,8V,noise,9,1,60.528682708740234
imbalance_8V_noise_run10.wav,C:\Users\14259\Desktop\hvac_fan_dataset\raw_audio\imbalance\8V\noise\imbalance_8V_noise_run10.wav,imbalance,8V,noise,10,1,60.327632904052734
imbalance_8V_quiet_run01.wav,C:\Users\14259\Desktop\hvac_fan_dataset\raw_audio\imbalance\8V\quiet\imbalance_8V_quiet_run01.wav,imbalance,8V,quiet,1,1,87.91694641113281
imbalance_8V_quiet_run02.wav,C:\Users\14259\Desktop\hvac_fan_dataset\raw_audio\imbalance\8V\quiet\imbalance_8V_quiet_run02.wav,imbalance,8V,quiet,2,1,91.84255981445312
imbalance_8V_quiet_run03.wav,C:\Users\14259\Desktop\hvac_fan_dataset\raw_audio\imbalance\8V\quiet\imbalance_8V_quiet_run03.wav,imbalance,8V,quiet,3,1,83.2378921508789
imbalance_8V_quiet_run04.wav,C:\Users\14259\Desktop\hvac_fan_dataset\raw_audio\imbalance\8V\quiet\imbalance_8V_quiet_run04.wav,imbalance,8V,quiet,4,1,84.43110656738281
imbalance_8V_quiet_run05.wav,C:\Users\14259\Desktop\hvac_fan_dataset\raw_audio\imbalance\8V\quiet\imbalance_8V_quiet_run05.wav,imbalance,8V,quiet,5,1,85.29349517822266
imbalance_8V_quiet_run06.wav,C:\Users\14259\Desktop\hvac_fan_dataset\raw_audio\imbalance\8V\quiet\imbalance_8V_quiet_run06.wav,imbalance,8V,quiet,6,1,82.05435180664062
imbalance_8V_quiet_run07.wav,C:\Users\14259\Desktop\hvac_fan_dataset\raw_audio\imbalance\8V\quiet\imbalance_8V_quiet_run07.wav,imbalance,8V,quiet,7,1,87.52975463867188
imbalance_8V_quiet_run08.wav,C:\Users\14259\Desktop\hvac_fan_dataset\raw_audio\imbalance\8V\quiet\imbalance_8V_quiet_run08.wav,imbalance,8V,quiet,8,1,95.7529296875
imbalance_8V_quiet_run09.wav,C:\Users\14259\Desktop\hvac_fan_dataset\raw_audio\imbalance\8V\quiet\imbalance_8V_quiet_run09.wav,imbalance,8V,quiet,9,1,95.7403335571289
imbalance_8V_quiet_run10.wav,C:\Users\14259\Desktop\hvac_fan_dataset\raw_audio\imbalance\8V\quiet\imbalance_8V_quiet_run10.wav,imbalance,8V,quiet,10,1,96.57646942138672
normal_12V_noise_run01.wav,C:\Users\14259\Desktop\hvac_fan_dataset\raw_audio\normal\12V\noise\normal_12V_noise_run01.wav,normal,12V,noise,1,0,50.16283416748047
normal_12V_noise_run02.wav,C:\Users\14259\Desktop\hvac_fan_dataset\raw_audio\normal\12V\noise\normal_12V_noise_run02.wav,normal,12V,noise,2,0,47.49955749511719
normal_12V_noise_run03.wav,C:\Users\14259\Desktop\hvac_fan_dataset\raw_audio\normal\12V\noise\normal_12V_noise_run03.wav,normal,12V,noise,3,0,48.4886360168457
normal_12V_noise_run04.wav,C:\Users\14259\Desktop\hvac_fan_dataset\raw_audio\normal\12V\noise\normal_12V_noise_run04.wav,normal,12V,noise,4,0,46.709102630615234
normal_12V_noise_run05.wav,C:\Users\14259\Desktop\hvac_fan_dataset\raw_audio\normal\12V\noise\normal_12V_noise_run05.wav,normal,12V,noise,5,0,44.78924560546875
normal_12V_noise_run06.wav,C:\Users\14259\Desktop\hvac_fan_dataset\raw_audio\normal\12V\noise\normal_12V_noise_run06.wav,normal,12V,noise,6,0,46.86495590209961
normal_12V_noise_run07.wav,C:\Users\14259\Desktop\hvac_fan_dataset\raw_audio\normal\12V\noise\normal_12V_noise_run07.wav,normal,12V,noise,7,0,44.870601654052734
normal_12V_noise_run08.wav,C:\Users\14259\Desktop\hvac_fan_dataset\raw_audio\normal\12V\noise\normal_12V_noise_run08.wav,normal,12V,noise,8,0,43.6641960144043
normal_12V_noise_run09.wav,C:\Users\14259\Desktop\hvac_fan_dataset\raw_audio\normal\12V\noise\normal_12V_noise_run09.wav,normal,12V,noise,9,0,45.25579071044922
normal_12V_noise_run10.wav,C:\Users\14259\Desktop\hvac_fan_dataset\raw_audio\normal\12V\noise\normal_12V_noise_run10.wav,normal,12V,noise,10,0,44.74763107299805
normal_12V_quiet_run01.wav,C:\Users\14259\Desktop\hvac_fan_dataset\raw_audio\normal\12V\quiet\normal_12V_quiet_run01.wav,normal,12V,quiet,1,0,79.5719985961914
normal_12V_quiet_run02.wav,C:\Users\14259\Desktop\hvac_fan_dataset\raw_audio\normal\12V\quiet\normal_12V_quiet_run02.wav,normal,12V,quiet,2,0,79.35533905029297
normal_12V_quiet_run03.wav,C:\Users\14259\Desktop\hvac_fan_dataset\raw_audio\normal\12V\quiet\normal_12V_quiet_run03.wav,normal,12V,quiet,3,0,79.86229705810547
normal_12V_quiet_run04.wav,C:\Users\14259\Desktop\hvac_fan_dataset\raw_audio\normal\12V\quiet\normal_12V_quiet_run04.wav,normal,12V,quiet,4,0,79.38441467285156
normal_12V_quiet_run05.wav,C:\Users\14259\Desktop\hvac_fan_dataset\raw_audio\normal\12V\quiet\normal_12V_quiet_run05.wav,normal,12V,quiet,5,0,78.93183898925781
normal_12V_quiet_run06.wav,C:\Users\14259\Desktop\hvac_fan_dataset\raw_audio\normal\12V\quiet\normal_12V_quiet_run06.wav,normal,12V,quiet,6,0,78.43241882324219
normal_12V_quiet_run07.wav,C:\Users\14259\Desktop\hvac_fan_dataset\raw_audio\normal\12V\quiet\normal_12V_quiet_run07.wav,normal,12V,quiet,7,0,82.18354034423828
normal_12V_quiet_run08.wav,C:\Users\14259\Desktop\hvac_fan_dataset\raw_audio\normal\12V\quiet\normal_12V_quiet_run08.wav,normal,12V,quiet,8,0,82.78038024902344
normal_12V_quiet_run09.wav,C:\Users\14259\Desktop\hvac_fan_dataset\raw_audio\normal\12V\quiet\normal_12V_quiet_run09.wav,normal,12V,quiet,9,0,82.67311096191406
normal_12V_quiet_run10.wav,C:\Users\14259\Desktop\hvac_fan_dataset\raw_audio\normal\12V\quiet\normal_12V_quiet_run10.wav,normal,12V,quiet,10,0,80.99002075195312
normal_4V_noise_run01.wav,C:\Users\14259\Desktop\hvac_fan_dataset\raw_audio\normal\4V\noise\normal_4V_noise_run01.wav,normal,4V,noise,1,0,52.54855728149414
normal_4V_noise_run02.wav,C:\Users\14259\Desktop\hvac_fan_dataset\raw_audio\normal\4V\noise\normal_4V_noise_run02.wav,normal,4V,noise,2,0,52.89137268066406
normal_4V_noise_run03.wav,C:\Users\14259\Desktop\hvac_fan_dataset\raw_audio\normal\4V\noise\normal_4V_noise_run03.wav,normal,4V,noise,3,0,52.565250396728516
normal_4V_noise_run04.wav,C:\Users\14259\Desktop\hvac_fan_dataset\raw_audio\normal\4V\noise\normal_4V_noise_run04.wav,normal,4V,noise,4,0,51.27608108520508
normal_4V_noise_run05.wav,C:\Users\14259\Desktop\hvac_fan_dataset\raw_audio\normal\4V\noise\normal_4V_noise_run05.wav,normal,4V,noise,5,0,51.510894775390625
normal_4V_noise_run06.wav,C:\Users\14259\Desktop\hvac_fan_dataset\raw_audio\normal\4V\noise\normal_4V_noise_run06.wav,normal,4V,noise,6,0,52.20787048339844
normal_4V_noise_run07.wav,C:\Users\14259\Desktop\hvac_fan_dataset\raw_audio\normal\4V\noise\normal_4V_noise_run07.wav,normal,4V,noise,7,0,51.2548713684082
normal_4V_noise_run08.wav,C:\Users\14259\Desktop\hvac_fan_dataset\raw_audio\normal\4V\noise\normal_4V_noise_run08.wav,normal,4V,noise,8,0,51.33274459838867
normal_4V_noise_run09.wav,C:\Users\14259\Desktop\hvac_fan_dataset\raw_audio\normal\4V\noise\normal_4V_noise_run09.wav,normal,4V,noise,9,0,50.74666976928711
normal_4V_noise_run10.wav,C:\Users\14259\Desktop\hvac_fan_dataset\raw_audio\normal\4V\noise\normal_4V_noise_run10.wav,normal,4V,noise,10,0,51.29365921020508
normal_4V_quiet_run01.wav,C:\Users\14259\Desktop\hvac_fan_dataset\raw_audio\normal\4V\quiet\normal_4V_quiet_run01.wav,normal,4V,quiet,1,0,63.77242660522461
normal_4V_quiet_run02.wav,C:\Users\14259\Desktop\hvac_fan_dataset\raw_audio\normal\4V\quiet\normal_4V_quiet_run02.wav,normal,4V,quiet,2,0,61.99600601196289
normal_4V_quiet_run03.wav,C:\Users\14259\Desktop\hvac_fan_dataset\raw_audio\normal\4V\quiet\normal_4V_quiet_run03.wav,normal,4V,quiet,3,0,66.60648345947266
normal_4V_quiet_run04.wav,C:\Users\14259\Desktop\hvac_fan_dataset\raw_audio\normal\4V\quiet\normal_4V_quiet_run04.wav,normal,4V,quiet,4,0,67.55599212646484
normal_4V_quiet_run05.wav,C:\Users\14259\Desktop\hvac_fan_dataset\raw_audio\normal\4V\quiet\normal_4V_quiet_run05.wav,normal,4V,quiet,5,0,66.96675872802734
normal_4V_quiet_run06.wav,C:\Users\14259\Desktop\hvac_fan_dataset\raw_audio\normal\4V\quiet\normal_4V_quiet_run06.wav,normal,4V,quiet,6,0,65.58065795898438
normal_4V_quiet_run07.wav,C:\Users\14259\Desktop\hvac_fan_dataset\raw_audio\normal\4V\quiet\normal_4V_quiet_run07.wav,normal,4V,quiet,7,0,67.0399169921875
normal_4V_quiet_run08.wav,C:\Users\14259\Desktop\hvac_fan_dataset\raw_audio\normal\4V\quiet\normal_4V_quiet_run08.wav,normal,4V,quiet,8,0,63.26190948486328
normal_4V_quiet_run09.wav,C:\Users\14259\Desktop\hvac_fan_dataset\raw_audio\normal\4V\quiet\normal_4V_quiet_run09.wav,normal,4V,quiet,9,0,67.32776641845703
normal_4V_quiet_run10.wav,C:\Users\14259\Desktop\hvac_fan_dataset\raw_audio\normal\4V\quiet\normal_4V_quiet_run10.wav,normal,4V,quiet,10,0,69.16991424560547
normal_8V_noise_run01.wav,C:\Users\14259\Desktop\hvac_fan_dataset\raw_audio\normal\8V\noise\normal_8V_noise_run01.wav,normal,8V,noise,1,0,45.12554931640625
normal_8V_noise_run02.wav,C:\Users\14259\Desktop\hvac_fan_dataset\raw_audio\normal\8V\noise\normal_8V_noise_run02.wav,normal,8V,noise,2,0,46.51268768310547
normal_8V_noise_run03.wav,C:\Users\14259\Desktop\hvac_fan_dataset\raw_audio\normal\8V\noise\normal_8V_noise_run03.wav,normal,8V,noise,3,0,45.91373825073242
normal_8V_noise_run04.wav,C:\Users\14259\Desktop\hvac_fan_dataset\raw_audio\normal\8V\noise\normal_8V_noise_run04.wav,normal,8V,noise,4,0,43.39426803588867
normal_8V_noise_run05.wav,C:\Users\14259\Desktop\hvac_fan_dataset\raw_audio\normal\8V\noise\normal_8V_noise_run05.wav,normal,8V,noise,5,0,44.5633659362793
normal_8V_noise_run06.wav,C:\Users\14259\Desktop\hvac_fan_dataset\raw_audio\normal\8V\noise\normal_8V_noise_run06.wav,normal,8V,noise,6,0,43.265872955322266
normal_8V_noise_run07.wav,C:\Users\14259\Desktop\hvac_fan_dataset\raw_audio\normal\8V\noise\normal_8V_noise_run07.wav,normal,8V,noise,7,0,41.7165412902832
normal_8V_noise_run08.wav,C:\Users\14259\Desktop\hvac_fan_dataset\raw_audio\normal\8V\noise\normal_8V_noise_run08.wav,normal,8V,noise,8,0,45.51149368286133
normal_8V_noise_run09.wav,C:\Users\14259\Desktop\hvac_fan_dataset\raw_audio\normal\8V\noise\normal_8V_noise_run09.wav,normal,8V,noise,9,0,42.71194076538086
normal_8V_noise_run10.wav,C:\Users\14259\Desktop\hvac_fan_dataset\raw_audio\normal\8V\noise\normal_8V_noise_run10.wav,normal,8V,noise,10,0,41.575111389160156
normal_8V_quiet_run01.wav,C:\Users\14259\Desktop\hvac_fan_dataset\raw_audio\normal\8V\quiet\normal_8V_quiet_run01.wav,normal,8V,quiet,1,0,54.73296356201172
normal_8V_quiet_run02.wav,C:\Users\14259\Desktop\hvac_fan_dataset\raw_audio\normal\8V\quiet\normal_8V_quiet_run02.wav,normal,8V,quiet,2,0,55.41154098510742
normal_8V_quiet_run03.wav,C:\Users\14259\Desktop\hvac_fan_dataset\raw_audio\normal\8V\quiet\normal_8V_quiet_run03.wav,normal,8V,quiet,3,0,55.871219635009766
normal_8V_quiet_run04.wav,C:\Users\14259\Desktop\hvac_fan_dataset\raw_audio\normal\8V\quiet\normal_8V_quiet_run04.wav,normal,8V,quiet,4,0,56.924068450927734
normal_8V_quiet_run05.wav,C:\Users\14259\Desktop\hvac_fan_dataset\raw_audio\normal\8V\quiet\normal_8V_quiet_run05.wav,normal,8V,quiet,5,0,57.506492614746094
normal_8V_quiet_run06.wav,C:\Users\14259\Desktop\hvac_fan_dataset\raw_audio\normal\8V\quiet\normal_8V_quiet_run06.wav,normal,8V,quiet,6,0,58.31315231323242
normal_8V_quiet_run07.wav,C:\Users\14259\Desktop\hvac_fan_dataset\raw_audio\normal\8V\quiet\normal_8V_quiet_run07.wav,normal,8V,quiet,7,0,59.10008239746094
normal_8V_quiet_run08.wav,C:\Users\14259\Desktop\hvac_fan_dataset\raw_audio\normal\8V\quiet\normal_8V_quiet_run08.wav,normal,8V,quiet,8,0,59.019779205322266
normal_8V_quiet_run09.wav,C:\Users\14259\Desktop\hvac_fan_dataset\raw_audio\normal\8V\quiet\normal_8V_quiet_run09.wav,normal,8V,quiet,9,0,57.245033264160156
normal_8V_quiet_run10.wav,C:\Users\14259\Desktop\hvac_fan_dataset\raw_audio\normal\8V\quiet\normal_8V_quiet_run10.wav,normal,8V,quiet,10,0,55.00379180908203
